codigo_barra;nome;cod_ncm;dsc_unidade_medida
341;ETIQUETA PU LARANJA FLUOR PF PROTETION UV +50 DE 60;55129990;UN
463;ETIQUETA PU LARANJA FLUOR PORTO FIT UV+50 DE 35;55129990;UN
136;ETIQUETA PU LARANJA FLUOR WALK RUN 31;55129990;UN
329;ETIQUETA PU LARANJA LOGO PF DE20;55129990;UN
184;ETIQUETA PU LARANJA NEON P F 70;55129990;UN
365;ETIQUETA PU LARANJA THERMOSKIN 200;55129990;UN
391;ETIQUETA PU LIGHT BLUE KALENJI 180;55129990;UN
258;ETIQUETA PU MARINHO TF 100;55129990;UN
334;ETIQUETA PU NAVY BLUE LOGO PF DE 20;55129990;UN
325;ETIQUETA PU NAVY BLUE P. F. 80;55129990;UN
346;ETIQUETA PU NAVY BLUE PF PROTETION UV+50 DE 60;55129990;UN
335;ETIQUETA PU ORANGE LOGO PF DE 20;55129990;UN
326;ETIQUETA PU ORANGE P.F. 80;55129990;UN
347;ETIQUETA PU ORANGE PF PROTETION UV+50 DE 60;55129990;UN
96;ETIQUETA PU OURO ATL FITNESS 40;55129990;UN
489;ETIQUETA PU OURO BODY PLUS 50;39209990;UN
485;ETIQUETA PU OURO BODY PLUS ASS 50;39209990;UN
97;ETIQUETA PU OURO BON ATL 30;55129990;UN
549;ETIQUETA PU OURO CAPÉZIO  37;55129990;UN
123;ETIQUETA PU OURO CURTLO 150;55129990;UN
121;ETIQUETA PU OURO CURTLO 200;55129990;UN
119;ETIQUETA PU OURO CURTLO 250;55129990;UN
398;ETIQUETA PU OURO DYNAMITE 55;55129990;UN
401;ETIQUETA PU OURO DYNAMITE 70;55129990;UN
83;ETIQUETA PU OURO ILHA BELLA 60;55129990;UN
276;ETIQUETA PU OURO LOGO OX 11;55129990;UN
37;ETIQUETA PU OURO OXYFIT 55;55129990;M
22;ETIQUETA PU OURO OXYRIO 57;55129990;UN
259;ETIQUETA PU OURO PHYSICAL FITNESS;55129990;UN
552;ETIQUETA PU OURO RUN BRASIL 47;55129990;UN
31;ETIQUETA PU OUS 44-30;55129990;UN
70;ETIQUETA PU PRATA  ANAPORT  5 LOGOS 110;39219019;UN
186;ETIQUETA PU PRATA  P F  70;55129990;UN
458;ETIQUETA PU PRATA  SR 24;39209990;UN
235;ETIQUETA PU PRATA -PF  80;55129990;UN
359;ETIQUETA PU PRATA ADITHIVA 280 MM;39209990;UN
223;ETIQUETA PU PRATA ADITHIVA 60;39209990;UN
436;ETIQUETA PU PRATA ANAPORT DRY UV 50 MASCULINO;39209990;UN.
138;ETIQUETA PU PRATA ANAPORT LOGO +PALAVRA 45 MM;39209990;UN
490;ETIQUETA PU PRATA BODY PLUS 50;39209990;UN
486;ETIQUETA PU PRATA BODY PLUS ASS 50;39209990;UN
450;ETIQUETA PU PRATA CALVIN KLEIN  180;39209990;UN
449;ETIQUETA PU PRATA CALVIN KLEIN 150;39209990;UN
90;ETIQUETA PU PRATA CORAÇÃO DE MI 15;55129990;UN
124;ETIQUETA PU PRATA CURTLO 150;55129990;UN
122;ETIQUETA PU PRATA CURTLO 200;55129990;UN
120;ETIQUETA PU PRATA CURTLO 250;55129990;UN
381;ETIQUETA PU PRATA CURTLO 35;55129990;UN
383;ETIQUETA PU PRATA CURTLO 50;55129990;UN
524;ETIQUETA PU PRATA CURTLO 90;55129990;UN
535;ETIQUETA PU PRATA DE FIT 30;39209990;UN
397;ETIQUETA PU PRATA DYNAMITE 55;55129990;UN
400;ETIQUETA PU PRATA DYNAMITE 70;55129990;UN
413;ETIQUETA PU PRATA FITMODAFIT 55;39209990;UN
84;ETIQUETA PU PRATA ILHA BELLA 60;55129990;UN
392;ETIQUETA PU PRATA KALENJI 180;39209990;UN
303;ETIQUETA PU PRATA LOGO P.FIT DE 20;39209990;UN
160;ETIQUETA PU PRATA NOVO  HARANA SUN 53;39209990;UN
161;ETIQUETA PU PRATA NOVO LOGO SOL HARANA 20 MM;39209990;UN
150;ETIQUETA PU PRATA NOVO ÍCONE UV 15;39209990;UN
379;ETIQUETA PU PRATA NUVOLE 45;55129990;UN
132;ETIQUETA PU PRATA OX  10;39209990;UN
36;ETIQUETA PU PRATA OXYFIT;55129990;M
21;ETIQUETA PU PRATA OXYRIO 57;55129990;UN
2;ETIQUETA PU PRATA P FIT  50MM;55129990;UN
462;ETIQUETA PU PRATA PORTO FIT UV +50  35;55129990;UN
41;ETIQUETA PU PRATA PROTETION 60;55129990;UN
551;ETIQUETA PU PRATA RUN BRASIL 47;55129990;UN
181;ETIQUETA PU PRATA VDS 21;55129990;UN
507;ETIQUETA PU PRATA YANQFITNESS RIO 65;39209990;UN
109;ETIQUETA PU PRETA  LOGO  B  25;55129990;UN
358;ETIQUETA PU PRETA ADITHIVA 28 MM;39209990;UN
536;ETIQUETA PU PRETA DE FIT 30;39209990;UN
402;ETIQUETA PU PRETA DYNAMITE 70;55129990;UN
3;ETIQUETA PU PRETA P FIT  50MM;55129990;UN
129;ETIQUETA PU PRETA RUNNING BRASIL 47;39209990;UN
521;ETIQUETA PU PRETA TF 80;39209990;UN
49;ETIQUETA PU PRETO   P F   70;55129990;UN
479;ETIQUETA PU PRETO  OX  10;39209990;UN
133;ETIQUETA PU PRETO  OXYFIT 55;55129990;UN
62;ETIQUETA PU PRETO  T F 40;55129990;M
92;ETIQUETA PU PRETO  TF  30;55129990;UN
224;ETIQUETA PU PRETO ADITHIVA 60;55129990;UN
498;ETIQUETA PU PRETO ALFABETO;39209990;UN
64;ETIQUETA PU PRETO BALI 55;55129990;UN
399;ETIQUETA PU PRETO DYNAMITE 55;55129990;UN
502;ETIQUETA PU PRETO LIVE 30;55129990;UN.
302;ETIQUETA PU PRETO LOGO P.FIT 20;39209990;UN
134;ETIQUETA PU PRETO OXYRIO  56;55129990;UN
525;ETIQUETA PU PRETO P.FIT UV+50 DE 35;55129990;UN
43;ETIQUETA PU PRETO PROTETION 60;55129990;UN
554;ETIQUETA PU PRETO RUN BRASIL 47;55129990;UN
257;ETIQUETA PU PRETO TF 100;55129990;UN
245;ETIQUETA PU PRETO TF DE 54;55129990;UN
48;ETIQUETA PU RED  QUECHUA 50;55129990;UN
372;ETIQUETA PU REFLETIVO VERDE OXYFIT 57;55129990;UN
1;ETIQUETA PU ROSA F 50MM;55129990;
327;ETIQUETA PU ROSA FLOUR LOGO PF DE 20;55129990;UN
295;ETIQUETA PU ROSA FLUOR LALESKA 40;55129990;UN
296;ETIQUETA PU ROSA FLUOR LALESKA LOGO 25;55129990;UN
285;ETIQUETA PU ROSA FLUOR OXYFIT 55;55129990;UN
349;ETIQUETA PU ROSA FLUOR PF DE 80;55129990;UN
339;ETIQUETA PU ROSA FLUOR PF PROTETION UV +50  DE 60;55129990;UN
464;ETIQUETA PU ROSA FLUOR PORTO FIT UV+50 DE 35;55129990;UN
556;ETIQUETA PU ROSA FLUOR RUN BRASIL 47;55129990;UN
271;ETIQUETA PU ROSA P F  70;55129990;UN
548;ETIQUETA PU TEXTURIZADO OURO BODY PLUS 50;55129990;UN
547;ETIQUETA PU TEXTURIZADO PRATA BODY PLUS 50;55129990;UN
332;ETIQUETA PU TURQUESA LOGO PF DE 20;55129990;UN
344;ETIQUETA PU TURQUESA PF PROTETION UV + 50 DE 60;55129990;UN
338;ETIQUETA PU TURQUESA PF UV +50 DE 50;55129990;UN
183;ETIQUETA PU TXT DGR RCH 36;55129990;UN
168;ETIQUETA PU VERDE FLUOR LOGO HARANASUN 78;55129990;UN.
328;ETIQUETA PU VERDE FLUOR LOGO PF 20;55129990;UN
319;ETIQUETA PU VERDE FLUOR P. F. 80;55129990;UN
360;ETIQUETA PU VERDE FLUOR P.FIT DE 50 MM;55129990;UN
340;ETIQUETA PU VERDE FLUOR PF PROTETION UV +50 DE 60;55129990;UN
46;ETIQUETA PU VERDE FLUOR PORTO FIT UV+50 DE 35;55129990;UN
558;ETIQUETA PU VERDE FLUOR RUN BRASIL 47;55129990;UN
110;ETIQUETA PU VERDE MILITAR-LOGO B 25;55129990;UN
185;ETIQUETA PU VERDE NEON P F  70;55129990;UN
331;ETIQUETA PU VERMELHO FLAME LOGO PF DE 20;55129990;UN
322;ETIQUETA PU VERMELHO FLAME P. F. 80;55129990;UN
343;ETIQUETA PU VERMELHO FLAME PF PROTETION UV + 50 DE 60;55129990;UN
323;ETIQUETA PU VERMELHO P. F. 80;55129990;UN
481;ETIQUETA PU VERMELHO P.FIT DE 50;39209990;UN
544;ETIQUETA PU VERMELHO RED-RED TECH 35 T.F.;55129990;UN.
74;ETIQUETA PVC CRISTAL TC VIA FIT  25 MM;59039000;UN.
16;ETIQUETA REFLETIV DUT  PERFORMANCE 60;55129990;UN
39;ETIQUETA REFLETIVA  DUT  ASICS 44;55129990;UN
118;ETIQUETA REFLETIVA  DUT MG LOGO MIZUNO +PALAVRA 50;39209990;UN
306;ETIQUETA REFLETIVA  OURO LIVE  DE 30;55129990;UN
459;ETIQUETA REFLETIVA  SBJ   E Y  160;70193200;UN
565;ETIQUETA REFLETIVA AMARELO  FILA  60;39199090;UN
215;ETIQUETA REFLETIVA BRANCA  OXYFIT 55;39199000;UN
506;ETIQUETA REFLETIVA BRANCA DENTRO DAGUA 100;39209990;UN
395;ETIQUETA REFLETIVA BRANCA DYNAMITE 55;39199900;UN
504;ETIQUETA REFLETIVA BRANCA PALITO SEGMENTADO 120;39209990;UN
305;ETIQUETA REFLETIVA COLOR ROSA  LIVE DE 30;55129990;UN
46;ETIQUETA REFLETIVA DUR  QUECHUA 50;55129990;UN
454;ETIQUETA REFLETIVA DUT    A  -DE 30;55129990;UN
91;ETIQUETA REFLETIVA DUT   BLUEBEACH 60;55129990;UN
512;ETIQUETA REFLETIVA DUT   P   27;55129990;UN
11;ETIQUETA REFLETIVA DUT   TF 30;55129990;UN
93;ETIQUETA REFLETIVA DUT   TF 46;55129990;UN
461;ETIQUETA REFLETIVA DUT  C&A  //A 20;55129990;UN
473;ETIQUETA REFLETIVA DUT  CAPÉZIO FITNESS 37;39219019;UN.
442;ETIQUETA REFLETIVA DUT  CIRCULO C&A 13;39219019;UN
457;ETIQUETA REFLETIVA DUT  EVOLUS 47;39211390;UN
561;ETIQUETA REFLETIVA DUT  FILA 40;55129990;UN
564;ETIQUETA REFLETIVA DUT  FILA 60;55129990;UN
415;ETIQUETA REFLETIVA DUT  FITA 90 /7,5;39219019;UN.
412;ETIQUETA REFLETIVA DUT  FITMODAFIT 55;39219019;UN
420;ETIQUETA REFLETIVA DUT  LOGO   A  30;39219019;UN
80;ETIQUETA REFLETIVA DUT  LOGO RUN MIZUNO 60;39209990;UN
72;ETIQUETA REFLETIVA DUT  LP  INT;39199000;UN
437;ETIQUETA REFLETIVA DUT  PARALELO   SOL 30;55129990;UN
233;ETIQUETA REFLETIVA DUT  RISCO TORTO 60/15;39219019;PARES
13;ETIQUETA REFLETIVA DUT  T.F 54;55129990;UN
432;ETIQUETA REFLETIVA DUT  TF  45;39219019;UN.
228;ETIQUETA REFLETIVA DUT  TF 40;55129990;UN
483;ETIQUETA REFLETIVA DUT  TF DE 100;55129990;UN
363;ETIQUETA REFLETIVA DUT  TF DE 60 MM;39219990;UN
431;ETIQUETA REFLETIVA DUT  TF DE 70;39219019;UN.
518;ETIQUETA REFLETIVA DUT  TF FEEL ASS 55;55129990;UN
519;ETIQUETA REFLETIVA DUT  TF QUADRADOS FEEL 55;55129990;UN
467;ETIQUETA REFLETIVA DUT  TF TRIANGULO TOP 87;39219019;UN
234;ETIQUETA REFLETIVA DUT  TRANS PALITO 4,4/55;39219019;UN
440;ETIQUETA REFLETIVA DUT  TRIANGULO LAUF 28;55129990;UN
113;ETIQUETA REFLETIVA DUT - LOGO  BICI;55129990;UN
155;ETIQUETA REFLETIVA DUT - LOGO W.F 22;55129990;UN
9;ETIQUETA REFLETIVA DUT 3 D COMPRESS 50;55129990;UN
444;ETIQUETA REFLETIVA DUT ALEKTA  13;39219019;UN
352;ETIQUETA REFLETIVA DUT ANAPORT NEG 60;39219019;UN
173;ETIQUETA REFLETIVA DUT ASA PENALTY 40;39199000;UN
44;ETIQUETA REFLETIVA DUT ASA PÊNALTY 50;39209990;UN
40;ETIQUETA REFLETIVA DUT ASICS 55;55129990;UN
95;ETIQUETA REFLETIVA DUT ATL FITNESS 53;55129990;UN
443;ETIQUETA REFLETIVA DUT AUTHEN 60;39219019;UN
522;ETIQUETA REFLETIVA DUT BALI 45;55129990;UN
63;ETIQUETA REFLETIVA DUT BALI 55;55129990;UN
523;ETIQUETA REFLETIVA DUT BALI FPU50+  30;55129990;UN
158;ETIQUETA REFLETIVA DUT BARBEDO 55;39199000;UN.
378;ETIQUETA REFLETIVA DUT BIA BRAZIL 140 PALITO;39219019;PÇ
240;ETIQUETA REFLETIVA DUT BIKE ALFORJE 1;39219019;PARES
241;ETIQUETA REFLETIVA DUT BIKE ALFORJE 2;39219019;UN
238;ETIQUETA REFLETIVA DUT BIKE SELIM 1;39219019;PARES
239;ETIQUETA REFLETIVA DUT BIKE SELIM 2;39219019;PARES
222;ETIQUETA REFLETIVA DUT BOA FORMA 34;39219019;UN
496;ETIQUETA REFLETIVA DUT BODY DE 20;55129990;UN
448;ETIQUETA REFLETIVA DUT CALVIN KLEIN 100;39219019;UN
447;ETIQUETA REFLETIVA DUT CALVIN KLEIN 60;39219019;UN
453;ETIQUETA REFLETIVA DUT CURTLO 115;39219019;UN
8;ETIQUETA REFLETIVA DUT CURTLO 120;55129990;UN
243;ETIQUETA REFLETIVA DUT CURTLO 50;39219019;UN
269;ETIQUETA REFLETIVA DUT CURTLO 60;55129990;UN
501;ETIQUETA REFLETIVA DUT CURTLO BONECO 35;55129990;UN
439;ETIQUETA REFLETIVA DUT CURTLO DE 90;55129990;UN
505;ETIQUETA REFLETIVA DUT DENTRO DÁGUA 100;55129990;UN
394;ETIQUETA REFLETIVA DUT DYNAMITE 55;39219019;UN
254;ETIQUETA REFLETIVA DUT ERGOFIT COMETA 142;39219019;UN.
253;ETIQUETA REFLETIVA DUT ERGOFIT FILETE 100;39219019;UN.
517;ETIQUETA REFLETIVA DUT FEEL  125;55129990;UN
348;ETIQUETA REFLETIVA DUT FORÇA LIVRE MOTORSPORT;39219019;UN
514;ETIQUETA REFLETIVA DUT GRF DINI 307;55129990;UN.
491;ETIQUETA REFLETIVA DUT HARD SHOCK 60;55129990;UN
492;ETIQUETA REFLETIVA DUT HARD SHOCK LOGO 40;55129990;UN
202;ETIQUETA REFLETIVA DUT JK BIKE 50;55129990;UN
423;ETIQUETA REFLETIVA DUT JV TRAIL 80;39219019;UN
288;ETIQUETA REFLETIVA DUT LALESKA 40;39219019;UN
289;ETIQUETA REFLETIVA DUT LALESKA LOGO 25;39219019;UN.
476;ETIQUETA REFLETIVA DUT LAUF DET MASCULINO 160;39219019;UN
516;ETIQUETA REFLETIVA DUT LIVE 250;39219019;UN
316;ETIQUETA REFLETIVA DUT LIVE 30 MM;39219019;UN
499;ETIQUETA REFLETIVA DUT LIVE 6 X- 110;39219019;UN
304;ETIQUETA REFLETIVA DUT LIVE DE 35;55129990;UN
357;ETIQUETA REFLETIVA DUT LIVE PALITO 120MM;39219019;UN
38;"ETIQUETA REFLETIVA DUT LOGO ""A"" 20";55129990;UN
262;"ETIQUETA REFLETIVA DUT LOGO ""K"" 40";39219019;UN
5;ETIQUETA REFLETIVA DUT LOGO + KALENJI 40;55129990;UN
418;ETIQUETA REFLETIVA DUT LOGO DENY 45;39219019;UN.
6;ETIQUETA REFLETIVA DUT LOGO K 30;55129990;UN
81;ETIQUETA REFLETIVA DUT LOGO MIZUNO 60;39209990;UN
142;ETIQUETA REFLETIVA DUT LOGO RENNER RUN 7/50;55129990;UN
137;ETIQUETA REFLETIVA DUT LOGO TF 35;55129990;UN
101;ETIQUETA REFLETIVA DUT MG  LOGO REEBOK 45;39199000;M
102;ETIQUETA REFLETIVA DUT MG  LOGO RUN REEBOK 45;39199000;M
172;ETIQUETA REFLETIVA DUT MG  LP/PLT LUPO PALITO 4,4/55,0;39199000;UN
32;ETIQUETA REFLETIVA DUT MG LOGO MIZUNO 40;39199000;UN
171;ETIQUETA REFLETIVA DUT MG LOGO+PALAVRA MIZUNO 40;39209990;UN
86;ETIQUETA REFLETIVA DUT MG REEBOK LOGO 45;39199000;UN
87;ETIQUETA REFLETIVA DUT MG REEBOK RUNNING 45;39199000;UN
82;ETIQUETA REFLETIVA DUT MG TRIÂNGULO DECATHLON 80;39199000;UN
167;ETIQUETA REFLETIVA DUT MM BARBEDO 90;39219090;UN
488;ETIQUETA REFLETIVA DUT OXER RUN 70;39219019;UN
503;ETIQUETA REFLETIVA DUT PALITO SEGMENTADO 120;55129990;UN
314;ETIQUETA REFLETIVA DUT PRETA  LIVE 35 MM;39219019;UN
47;ETIQUETA REFLETIVA DUT QUECHUA 40;55129990;UN
530;ETIQUETA REFLETIVA DUT RB 20;55129990;UN
307;ETIQUETA REFLETIVA DUT RET/ARRED/LIVE DE 120;39219019;UN
529;ETIQUETA REFLETIVA DUT ROK BOX 60;55129990;UN
528;ETIQUETA REFLETIVA DUT ROK BOX 90;55129990;UN
550;ETIQUETA REFLETIVA DUT RUN  BRASIL 47;55129990;UN
515;ETIQUETA REFLETIVA DUT RUN  DINI 74;55129990;UN.
66;ETIQUETA REFLETIVA DUT SLEEVE 53;55129990;UN
433;ETIQUETA REFLETIVA DUT SOLAR SCENE 66;39219019;UN.
174;ETIQUETA REFLETIVA DUT T F 50;55129990;UN
279;ETIQUETA REFLETIVA DUT TF  120;39219019;UN
242;ETIQUETA REFLETIVA DUT TF  2 A  45MM;39219019;UN
414;ETIQUETA REFLETIVA DUT TF C/LISTRAS 15 CM;39219019;UN.
216;ETIQUETA REFLETIVA DUT TF DE 46;39219019;UN
538;ETIQUETA REFLETIVA DUT TF LISTRA 180;55129990;UN
527;ETIQUETA REFLETIVA DUT TF PONTILHADO 120;55129990;UN
539;ETIQUETA REFLETIVA DUT TF QUADRADO/LOGO 124;55129990;UN
531;ETIQUETA REFLETIVA DUT TF RUN SERIES 61;55129990;UN
469;ETIQUETA REFLETIVA DUT TF TRIANGULO  LEG 130  L 2;39219019;UN
470;ETIQUETA REFLETIVA DUT TF TRIANGULO CALÇÃO 130;39219019;UN
468;ETIQUETA REFLETIVA DUT TF TRIANGULO LEG 130  L 1;39219019;UN
540;ETIQUETA REFLETIVA DUT TRAÇO/CURVO 100;55129990;UN
416;ETIQUETA REFLETIVA DUT TRIANGULO SOLSPORT 40/50;39219019;UN
445;ETIQUETA REFLETIVA DUT TRIÂNGULO LAUF;55129990;UN
526;ETIQUETA REFLETIVA DUT TRIÂNGULO LAUF 20;55129990;UN
71;ETIQUETA REFLETIVA DUT- LP PLP;39199000;UN
419;ETIQUETA REFLETIVA DUT- PALITO ORV 60;39219019;UN
227;ETIQUETA REFLETIVA DUT-BIKE FIT SELIM 2- 90;39219019;UN
25;ETIQUETA REFLETIVA DUT-TRANS CURVO 70  02 30 0176;39199000;PARES
510;ETIQUETA REFLETIVA IMPR / 50MM ACQUAMIRES;54074100;
377;ETIQUETA REFLETIVA IMPR BIA BRAZIL 60;54074100;PÇ
508;ETIQUETA REFLETIVA IMPR LIVE 13;54074100;UN
509;ETIQUETA REFLETIVA IMPR LIVE 22;54074100;UN
356;ETIQUETA REFLETIVA IMPR/ 60 MM-AQUAMIRES;54074100;UN
542;ETIQUETA REFLETIVA IMPRESSA  ROSA MARIA DNWR 44;54074100;UN
543;ETIQUETA REFLETIVA IMPRESSA ROSA MARIA DNWR 89;54074100;UN
446;ETIQUETA REFLETIVA IMPRESSA SOL PARALELO 30;54074100;UN
472;ETIQUETA REFLETIVA IMPRESSA WLK  40;54074100;UN
108;ETIQUETA REFLETIVA NEON RED  TF 54;39199000;UN
513;ETIQUETA REFLETIVA PRETA   P   27;55129990;UN
559;ETIQUETA REFLETIVA PRETA C.KLEIN 150;39199090;UN
560;ETIQUETA REFLETIVA PRETA C.KLEIN 180;39199090;UN
493;ETIQUETA REFLETIVA PRETA LIVE 35;39199000;UN
315;ETIQUETA REFLETIVA PRETA- LIVE 30 MM;55129990;UN
500;ETIQUETA REFLETIVA PRETO- LIVE 6 X - 110;39199000;UN
361;ETIQUETA REFLETIVA ROSA  - LIVE  30 MM;55129990;UN
562;ETIQUETA REFLETIVA ROSA  FILA 40;39199090;UN
563;ETIQUETA REFLETIVA ROSA  FILA 60;39199090;UN
290;ETIQUETA REFLETIVA ROSA FLUOR LALESKA 40;55129990;UN
291;ETIQUETA REFLETIVA ROSA FLUOR LALESKA LOGO 25;55129990;UN
103;ETIQUETA REFLETIVA SBJ   VALE  90;70193200;UN
107;ETIQUETA REFLETIVA SBJ  ALTISEG  140;70193200;UN
460;ETIQUETA REFLETIVA SBJ  MARATONA  120;70193200;UN
12;ETIQUETA REFLETIVA SBJ  T.F 30;39209990;UN
106;ETIQUETA REFLETIVA SBJ  TIGRE 90;70193200;UN
151;ETIQUETA REFLETIVA SBJ ALTISEG  70;39209990;UN
10;ETIQUETA REFLETIVA SBJ ASA 40;39209990;UN
130;ETIQUETA REFLETIVA SBJ BODY DE 20;39209990;UN
131;ETIQUETA REFLETIVA SBJ BODY DE 25;39209990;UN
148;ETIQUETA REFLETIVA SBJ CLASSIC 100;39209990;UN
20;ETIQUETA REFLETIVA SBJ CURTLO 115;39209990;UN
17;ETIQUETA REFLETIVA SBJ CURTLO 50;39209990;un
386;ETIQUETA REFLETIVA SBJ CURTLO 60;70193200;UN
19;ETIQUETA REFLETIVA SBJ CURTLO 65;39209990;UN
114;ETIQUETA REFLETIVA SBJ CURTLO 80;70193200;UN
389;ETIQUETA REFLETIVA SBJ CUSTOM 97;70193200;UN
388;ETIQUETA REFLETIVA SBJ ERGO 100;70193200;UN
104;ETIQUETA REFLETIVA SBJ GERDAU 106;70193200;UN
105;ETIQUETA REFLETIVA SBJ LEATTERING 103;70193200;UN
406;"ETIQUETA REFLETIVA SBJ LETRA ""A"" 32";70193200;UN.
147;ETIQUETA REFLETIVA SBJ LINTRA 94;39209990;UN
14;ETIQUETA REFLETIVA SBJ LOGO T.F.54;39209990;UN
390;ETIQUETA REFLETIVA SBJ ONYX 143;70193200;UN
456;ETIQUETA REFLETIVA SBJ POLICIA 320  PB;70193200;UN
149;ETIQUETA REFLETIVA SBJ SENAI 70;39209990;UN
60;ETIQUETA REFLETIVA SBJ TF 70 MM;70193200;UN
7;ETIQUETA REFLETIVA SBJ WINDFLOW 70;39209990;UN
169;ETIQUETA REFLEX COLOR PRETA TF 30;39199000;UN
162;ETIQUETA ROSA REFLETIVA RUNNING BRASIL 47;39199000;UN
425;ETIQUETA SEGMENTADA FRIZADA REFLETIVA DUT 130;39219019;UN
441;ETIQUETA TECHNOFILM BODY PLUS  24/36;49089000;UN
387;ETIQUETA TECHNOFILM FIOREALE  42 X 43;49089000;UN.
275;ETIQUETA TRANSFER  PINO  TAMANHO EM TECHNOFILM;49089000;UN
533;ETIQUETA TRANSFER DINA DINA 41;49089000;UN
244;ETIQUETA TRANSFER TECHNOFILM DENTRO D'AGUA;49089000;UN
284;ETIQUETA VINIL ADESIVO TAMANHOS 85/15;39199000;UN
364;ETYIQUETA PU  LARANJA  THERMOSKIN 200;55129990;UN
125;FAIXA REFLETIVA SEGMENTADA 50;39209990;M
354;FERRAMENTA EMBOSSING P/ RELEVO EM TECIDO-CRUZEIRO LIBERTADORES 300;84519090;PÇ
353;FERRAMENTA EMBOSSING P/RELEVO EM TECIDO- BAHIA  120;84519090;PÇ
27;FERRAMENTA PARA RELEVO EM TECIDO 105;84519090;UN
89;FERRAMENTA PARA RELEVO EM TECIDO 326 / 5;84519090;PÇ
23;FERRAMENTA PARA RELEVO EM TECIDO 72 X90  PUMA;29391169;UN
203;FERRAMENTA PARA RELEVO EM TECIDO- 26/ 18;84519090;PÇ.
0003644.03;FIGC ITALIA TRAINING JERSEY;61099000;PÇ
256;FITA GURGURÃO REFLETIVA 10/8;70193200;M
466;FITA POLIEL 20 MM ROSA FLUOR;39209990;M
534;FITA POLIEL OURO DE 20 MM;39209990;M.
494;FITA POLIEL ROSA FLUOR DE 20;39209990;M
268;FITA REFLETIVA  / A C   PO 15   25;59070000;M
165;FITA REFLETIVA  GURGURÃO 20/ REFLETIVA  SBJ 10;70193200;M
135;FITA REFLETIVA  SBJ- SEG/15;39209990;M
567;FITA REFLETIVA AMARELO FLUOR;39199090;UN
139;FITA REFLETIVA ENVIEZADA POLIEL 20/15;39219019;M
427;FITA REFLETIVA PO  15-  5  MM;54074100;M.
428;FITA REFLETIVA PO 15  10 MM;54074100;M.
545;FITA REFLETIVA PO/15   DE 20 MM;54074100;M.
308;FITA REFLETIVA PO/23;54074100;M
29;FITA REFLETIVA POLIEL 10;39219019;M
58;FITA REFLETIVA POLIEL 13;39219090;M
30;FITA REFLETIVA POLIEL 15;39219019;M
28;FITA REFLETIVA POLIEL 20;39219019;M
73;FITA REFLETIVA POLIEL 22;39219019;M
35;FITA REFLETIVA POLIEL 25;39219019;M
410;FITA REFLETIVA POLIEL 50;39219019;M
175;FITA REFLETIVA POLIEL 6;39219019;M
411;FITA REFLETIVA POLIEL 60;39219019;M
99;FITA REFLETIVA POLIEL D/A 10;55129990;M
546;FITA REFLETIVA POLIEL DUPLA FACE 10;39219019;M.
566;FITA REFLETIVA ROSA FLUOR 20;39199090;M
430;FITA REFLETIVA SBJ  15  /   1;70193200;M.
429;FITA REFLETIVA SBJ  6 / 2;70193200;M.
164;FITA REFLETIVA SBJ  8 MM GURGURÃO 10;70193200;M
67;FITA REFLETIVA SBJ  TC  15;70193200;M
366;FITA REFLETIVA SBJ 8 MM;70193200;M.
408;FITA REFLETIVA SBJ PO 15 -   10;54074100;M.
101;FITA REFLETIVA SBJ PO/15;54074100;M
407;FITA REFLETIVA SBJ PO/15  -  6;54074100;M.
300;FITA REFLETIVA SBJ PO/20;54074100;M
57;FITA REFLETIVA T C POLIEL MMM 15;39219019;M.
157;JAQ M UTMX   BS;62011300;PÇ
231;KAFTAN  SARDENHA E TFB;62029300;PÇ
212;LEG  34  ACQUA;62046300;PÇ
197;LEG ENERGY;62046300;PÇ
270;LEG LYC E KD;61046300;PÇ.
221;MAIÔ ROCKY E ATLANTIC;61124100;PÇ
265;MATERIAL APLICADO;55129990;UN
569;MCP PU PRETO;39209990;ML
195;PLAQ.REDONDA GRAVADA A LASER;83089090;un
152;POLIFLEX IMAGE REFLEX SILVER 4781 0,50 X 25;39199000;M
153;POLO  M TH PIQUET BS;62053000;PÇ.
69;REG M BIC BS;61099000;PÇ
261;REG M REC  BS;61099000;PÇ.
68;REG M TH REC BS;61099000;PÇ
211;REGATA ACQUA;61099000;PÇ
189;REGATA ENERGY;61099000;PÇ
426;REGATA STRENGTH;61099000;PÇ.
V14 6001270003;REGT M TH REC BS;61099000;PÇ
190;SAIA BONECA E TFB KID;62045300;PÇ
166;SAIA EXPLOSION BS;62045300;PÇ
75;SAIA GODE  BS;62045300;PÇ
88;SAIA GODE  KD;62045300;PÇ
237;SAIA LONGA E TBF;63045300;PÇ.
229;SAIA SAVAGE;62045300;PÇ.
59;SAIA TH COOL RUN ME BS;62045300;PÇ
P145200070003;SAIA TH RUN BS;62045300;PÇ
15;TECIDO 100% PES 30;54075210;M
100;TECIDO 7826 FLEX DRY;60019100;KG
98;TECIDO 7826 FLEX-DRY CINZA;60019100;KG
154;TECIDO CORDURA 500 R PRETO;54074200;M
128;TECIDO PES 100%  110;54075210;M
198;TOP ENERGY;62114300;PÇ
278;TRANS 2 AND 3 CM DUT REFL PROMOLOTO;49089000;UN
287;TRANS ASSINAT  TF 50;58071000;UN
205;TRANSF 2 AND  3 CM SBJ PROMOLOTO;39209990;UN
355;TRANSF 2 AND 4,5 CM DUT REFL PRO REFLEX;58079000;PÇ
219;TRANSF 2 ANDARES 3 CM DUT;49089000;UN
435;TRANSF REFLET.T&F C/LISTRAS 15 CM X 7,5 MM;58079000;UN
217;TRANSF.ASSINATURA 54 DUT REFLETIVA;49089000;UN
230;TRANSFER  2 AND REFLETIVO COLOR PRETO TF 30;55129990;UN
471;TRANSFER  MARCA/TAMANHO FIOREALE;49089000;UN
208;TRANSFER ( MARCA/TAM) G;48219000;UN
207;TRANSFER (MARCA/TAM) M;48219000;UN
209;TRANSFER 2 AND  4 CM PU;58071000;UN
422;TRANSFER 5807 PRATA REFLETIVO 420M;39219019;ML
374;TRANSFER ASSINAT 6CM REFL DUT PROMOLOTO;49089000;UN
214;TRANSFER ASSINATURA TF  DE 70;58079000;UN
487;TRANSFER INTERNO DE TAMANHO -BODY PLUS 30 / 57;49089000;UN
497;TRANSFER INTERNO DENTRO DÁGUA;49089000;UN
477;TRANSFER INTERNO TAMANHO  BODY PLUS  PRATA 24X36;49089000;UN
478;TRANSFER INTERNO TAMANHO BODY PLUS OURO 34X36;49089000;UN
475;TRANSFER MARCA CAPÉZIO INTERNA 41/52;49089000;UN.
474;TRANSFER MARCA INTERNA CAPEZIO 26/40;49089000;UN.
210;TRANSFER REFLETIVO ASSINATURA 50 DUT;58071000;UN
362;TRANSFER REFLETIVO PRATA 420 MM  3 M 5807;39219019;ML
495;TRANSFER REFLETIVO PRATA 50;55129990;M
532;TRANSFER REFLETIVO PRATA 50 CM 3M ALM;55129990;M
206;TRANSFER(MARCA/TAM) P;48219000;UN
351;TRANSFERS ASSIN 120CM DUT REFL PROLOMOTO;49089000;UN
24;V14070170 LEG FITNESS JACQUARD OP 17885;62046300;UN
194;VESTIDO BABADO E TFB KID;62044300;pç
369;VESTIDO FIJI;62044300;PÇ
196;VESTIDO MANGA E TFB;62044300;PÇ
170;VESTIDO MAYA LONGO;62044300;PÇ
193;VESTIDO TQ CAIA E TFB;62044900;pç